<?xml version="1.0" encoding="UTF-8"?>
<project-private xmlns="http://www.netbeans.org/ns/project-private/1">
    <editor-bookmarks xmlns="http://www.netbeans.org/ns/editor-bookmarks/2" lastBookmarkId="0"/>
    <open-files xmlns="http://www.netbeans.org/ns/projectui-open-files/2">
        <group>
            <file>file:/C:/Users/Usuario/Documents/NetBeansProjects/Cliente_Concurrentes/src/servidorconcurrente/BalancerServerTCP.java</file>
            <file>file:/C:/Users/Usuario/Documents/NetBeansProjects/Cliente_Concurrentes/src/servidorconcurrente/Csv.java</file>
            <file>file:/C:/Users/Usuario/Documents/NetBeansProjects/Cliente_Concurrentes/src/servidorconcurrente/Replica.java</file>
            <file>file:/C:/Users/Usuario/Documents/NetBeansProjects/Cliente_Concurrentes/src/clienteconcurrente/TCPCliente.java</file>
            <file>file:/C:/Users/Usuario/Documents/NetBeansProjects/Cliente_Concurrentes/src/servidorconcurrente/BalancerServer.java</file>
            <file>file:/C:/Users/Usuario/Documents/NetBeansProjects/Cliente_Concurrentes/src/servidorconcurrente/BalancerServerTCPThread.java</file>
            <file>file:/C:/Users/Usuario/Documents/NetBeansProjects/Cliente_Concurrentes/src/clienteconcurrente/Cliente.java</file>
            <file>file:/C:/Users/Usuario/Documents/NetBeansProjects/Cliente_Concurrentes/src/clienteconcurrente/Peticion.java</file>
            <file>file:/C:/Users/Usuario/Documents/NetBeansProjects/Cliente_Concurrentes/src/clienteconcurrente/Respuesta.java</file>
        </group>
    </open-files>
</project-private>
